<?xml version="1.0" encoding="UTF-8"?>
<jcr:root xmlns:cq="http://www.day.com/jcr/cq/1.0" xmlns:jcr="http://www.jcp.org/jcr/1.0" xmlns:nt="http://www.jcp.org/jcr/nt/1.0"
    jcr:primaryType="cq:EditConfig">
    <cq:listeners
        jcr:primaryType="cq:EditListenersConfig"
        afterinsert="REFRESH_SELF"/>
    <cq:inplaceEditing
        jcr:primaryType="cq:InplaceEditingConfig"
        active="{Boolean}true"
        configPath="inplaceEditingConfig"
        editorType="text">
        <inplaceEditingConfig jcr:primaryType="cq:Widget">
            <rtePlugins jcr:primaryType="nt:unstructured">
                <format
                    jcr:primaryType="nt:unstructured"
                    features="*"/>
                <lists
                    jcr:primaryType="nt:unstructured"
                    features="*"/>
                <justify
                    jcr:primaryType="nt:unstructured"
                    features="*"/>
                <edit
                    jcr:primaryType="nt:unstructured"
                    features="*"/>
                <findreplace
                    jcr:primaryType="nt:unstructured"
                    features="*"/>
                <paraformat
                    jcr:primaryType="nt:unstructured"
                    features="*">
                    <formats jcr:primaryType="nt:unstructured">
                        <default_p
                            jcr:primaryType="nt:unstructured"
                            description="Paragraph"
                            tag="p"/>
                        <default_h1
                            jcr:primaryType="nt:unstructured"
                            description="Heading 1"
                            tag="h1"/>
                        <default_h2
                            jcr:primaryType="nt:unstructured"
                            description="Heading 2"
                            tag="h2"/>
                        <default_h3
                            jcr:primaryType="nt:unstructured"
                            description="Heading 3"
                            tag="h3"/>
                        <default_h4
                            jcr:primaryType="nt:unstructured"
                            description="Heading 4"
                            tag="h4"/>
                        <default_h5
                            jcr:primaryType="nt:unstructured"
                            description="Heading 5"
                            tag="h5"/>
                        <default_h6
                            jcr:primaryType="nt:unstructured"
                            description="Heading 6"
                            tag="h6"/>
                        <default_blockquote
                            jcr:primaryType="nt:unstructured"
                            description="Quote"
                            tag="blockquote"/>
                        <default_pre
                            jcr:primaryType="nt:unstructured"
                            description="Preformatted"
                            tag="pre"/>
                    </formats>
                </paraformat>
                <subsuperscript
                    jcr:primaryType="nt:unstructured"
                    features="*"/>
                <misctools
                    jcr:primaryType="nt:unstructured"
                    features="*">
                    <specialCharsConfig jcr:primaryType="nt:unstructured">
                        <chars jcr:primaryType="nt:unstructured">
                            <default_copyright
                                jcr:primaryType="nt:unstructured"
                                entity="&amp;copy;"
                                name="copyright"/>
                            <default_euro
                                jcr:primaryType="nt:unstructured"
                                entity="&amp;euro;"
                                name="euro"/>
                            <default_registered
                                jcr:primaryType="nt:unstructured"
                                entity="&amp;reg;"
                                name="registered"/>
                            <default_trademark
                                jcr:primaryType="nt:unstructured"
                                entity="&amp;trade;"
                                name="trademark"/>
                        </chars>
                    </specialCharsConfig>
                </misctools>
                <links
                    jcr:primaryType="nt:unstructured"
                    features="*"/>
                <spellcheck
                    jcr:primaryType="nt:unstructured"
                    features="*"/>
                <undo
                    jcr:primaryType="nt:unstructured"
                    features="*"/>
                <styles
                    jcr:primaryType="nt:unstructured"
                    features="*">
                    <styles jcr:primaryType="nt:unstructured">
                        <floatLeft
                            jcr:primaryType="nt:unstructured"
                            cssName="float-left rte-float"
                            text="Float Left"/>
                        <floatRight
                            jcr:primaryType="nt:unstructured"
                            cssName="float-right rte-float"
                            text="Float Right"/>
                    </styles>
                </styles>
                <table
                    jcr:primaryType="nt:unstructured"
                    features="*"/>
                <keys
                    jcr:primaryType="nt:unstructured"
                    features="*"/>
                <image
                    jcr:primaryType="nt:unstructured"
                    features="*"/>
                <tracklinks
                    jcr:primaryType="nt:unstructured"
                    features="*"/>
                <ccvartextplugin
                    jcr:primaryType="nt:unstructured"
                    features="*"/>
                <attribute
                    jcr:primaryType="nt:unstructured"
                    features="*"/>
            </rtePlugins>
            <uiSettings jcr:primaryType="nt:unstructured">
                <cui jcr:primaryType="nt:unstructured">
                    <fullscreen
                        jcr:primaryType="nt:unstructured"
                        toolbar="[format#bold,format#italic,format#underline,lists#unordered,lists#ordered,lists#outdent,lists#indent,justify#justifyleft,justify#justifycenter,justify#justifyright,edit#cut,edit#copy,edit#paste-default,edit#paste-plaintext,edit#paste-wordhtml,subsuperscript#subscript,subsuperscript#superscript,links#modifylink,links#unlink,links#anchor,findreplace#find,findreplace#replace,spellcheck#checktext,undo#undo,undo#redo,misctools#specialchars,misctools#sourceedit,#styles,#paraformat,table#table,#keys,image#imageProps,tracklinks#modifylinktracking,fullscreen#finish,ccvartextplugin#ccvarinput,attribute#addattribute,attribute#removeattribute]">
                        <popovers jcr:primaryType="nt:unstructured">
                            <paraformat
                                jcr:primaryType="nt:unstructured"
                                items="paraformat:getFormats:paraformat-pulldown"
                                ref="paraformat"/>
                            <styles
                                jcr:primaryType="nt:unstructured"
                                items="styles:getStyles:styles-pulldown"
                                ref="styles"/>
                        </popovers>
                    </fullscreen>
                    <inline
                        jcr:primaryType="nt:unstructured"
                        toolbar="[#format,#justify,#lists,links#modifylink,links#unlink,attribute#addattribute,attribute#removeattribute,ccvartextplugin#ccvarinput,fullscreen#start,control#close,control#save]">
                        <popovers jcr:primaryType="nt:unstructured">
                            <format
                                jcr:primaryType="nt:unstructured"
                                items="[format#bold,format#italic,format#underline]"
                                ref="format"/>
                            <justify
                                jcr:primaryType="nt:unstructured"
                                items="[justify#justifyleft,justify#justifycenter,justify#justifyright,justify#justifyjustify]"
                                ref="justify"/>
                        </popovers>
                    </inline>
                    <tableEditOptions
                        jcr:primaryType="nt:unstructured"
                        toolbar="[table#insertcolumn-before,table#insertcolumn-after,table#removecolumn,-,table#insertrow-before,table#insertrow-after,table#removerow,-,table#mergecells-right,table#mergecells-down,table#mergecells,table#splitcell-horizontal,table#splitcell-vertical,-,table#selectrow,table#selectcolumn,-,table#ensureparagraph,-,table#modifytableandcell,table#removetable,-,undo#undo,undo#redo,-,table#exitTableEditing,-,spantag]"/>
                </cui>
            </uiSettings>
        </inplaceEditingConfig>
    </cq:inplaceEditing>
</jcr:root>
